# AFGL midlatitude winter, extracted from LBLRTM 12.17 src/lblatm.f90
# by scripts/extract_afgl_profiles.py. Abundances are ppmv of dry air;
# altitude is km above sea level. Molecules 8-47 are the single AFGL trace
# set, which LBLRTM shares across all six model atmospheres.
altitude_km,H2O,CO2,O3,N2O,CO,CH4,O2,NO,SO2,NO2,NH3,HNO3,OH,HF,HCL,HBR,HI,CLO,OCS,H2CO,HOCL,N2,HCN,CH3CL,H2O2,C2H2,C2H6,PH3,COF2,SF6,H2S,HCOOH,HO2,O,CLONO2,NO+,HOBR,C2H4,CH3OH,CH3BR,CH3CN,CF4,C4H2,HC3N,H2,CS,SO3
0.000000E+00,4.316000E+03,3.300000E+02,2.778000E-02,3.200000E-01,1.500000E-01,1.700000E+00,2.090000E+05,3.000000E-04,3.000000E-04,2.300000E-05,5.000000E-04,5.000000E-05,4.400000E-08,1.000000E-08,1.000000E-03,1.700000E-06,3.000000E-06,1.000000E-08,6.000000E-04,2.400000E-03,7.700000E-06,7.810000E+05,1.700000E-04,7.000000E-04,2.000000E-04,3.000000E-04,2.000000E-03,1.000000E-14,1.000000E-14,1.000000E-14,1.000000E-14,1.000000E-14,1.000000E-14,1.000000E-14,1.000000E-14,1.000000E-14,1.000000E-14,1.000000E-14,1.000000E-14,1.000000E-14,1.000000E-14,1.000000E-14,1.000000E-14,1.000000E-14,1.000000E-14,1.000000E-14,1.000000E-14
1.000000E+00,3.454000E+03,3.300000E+02,2.800000E-02,3.200000E-01,1.450000E-01,1.700000E+00,2.090000E+05,3.000000E-04,2.740000E-04,2.300000E-05,5.000000E-04,5.960000E-05,4.400000E-08,1.000000E-08,7.490000E-04,1.700000E-06,3.000000E-06,1.000000E-08,5.900000E-04,1.070000E-03,1.060000E-05,7.810000E+05,1.650000E-04,6.700000E-04,1.950000E-04,1.720000E-04,2.000000E-03,1.000000E-14,1.000000E-14,1.000000E-14,1.000000E-14,1.000000E-14,1.000000E-14,1.000000E-14,1.000000E-14,1.000000E-14,1.000000E-14,1.000000E-14,1.000000E-14,1.000000E-14,1.000000E-14,1.000000E-14,1.000000E-14,1.000000E-14,1.000000E-14,1.000000E-14,1.000000E-14
2.000000E+00,2.788000E+03,3.300000E+02,2.849000E-02,3.200000E-01,1.399000E-01,1.700000E+00,2.090000E+05,3.000000E-04,2.360000E-04,2.300000E-05,4.630000E-04,6.930000E-05,4.400000E-08,1.230000E-08,5.610000E-04,1.700000E-06,3.000000E-06,1.000000E-08,5.800000E-04,4.040000E-04,1.220000E-05,7.810000E+05,1.630000E-04,6.430000E-04,1.920000E-04,9.570000E-05,2.000000E-03,1.000000E-14,1.000000E-14,1.000000E-14,1.000000E-14,1.000000E-14,1.000000E-14,1.000000E-14,1.000000E-14,1.000000E-14,1.000000E-14,1.000000E-14,1.000000E-14,1.000000E-14,1.000000E-14,1.000000E-14,1.000000E-14,1.000000E-14,1.000000E-14,1.000000E-14,1.000000E-14
3.000000E+00,2.088000E+03,3.300000E+02,3.200000E-02,3.200000E-01,1.349000E-01,1.700000E+00,2.090000E+05,3.000000E-04,1.900000E-04,2.300000E-05,3.800000E-04,7.910000E-05,4.400000E-08,1.970000E-08,4.220000E-04,1.700000E-06,3.000000E-06,1.000000E-08,5.700000E-04,2.270000E-04,1.140000E-05,7.810000E+05,1.610000E-04,6.220000E-04,1.890000E-04,6.740000E-05,2.000000E-03,1.000000E-14,1.000000E-14,1.000000E-14,1.000000E-14,1.000000E-14,1.000000E-14,1.000000E-14,1.000000E-14,1.000000E-14,1.000000E-14,1.000000E-14,1.000000E-14,1.000000E-14,1.000000E-14,1.000000E-14,1.000000E-14,1.000000E-14,1.000000E-14,1.000000E-14,1.000000E-14
4.000000E+00,1.280000E+03,3.300000E+02,3.567000E-02,3.200000E-01,1.312000E-01,1.697000E+00,2.090000E+05,3.000000E-04,1.460000E-04,2.300000E-05,2.880000E-04,8.870000E-05,4.400000E-08,3.180000E-08,3.190000E-04,1.700000E-06,3.000000E-06,1.000000E-08,5.620000E-04,1.400000E-04,9.800000E-06,7.810000E+05,1.600000E-04,6.070000E-04,1.840000E-04,5.070000E-05,1.980000E-03,1.000000E-14,1.000000E-14,1.000000E-14,1.000000E-14,1.000000E-14,1.000000E-14,1.000000E-14,1.000000E-14,1.000000E-14,1.000000E-14,1.000000E-14,1.000000E-14,1.000000E-14,1.000000E-14,1.000000E-14,1.000000E-14,1.000000E-14,1.000000E-14,1.000000E-14,1.000000E-14
5.000000E+00,8.241000E+02,3.300000E+02,4.720000E-02,3.200000E-01,1.303000E-01,1.687000E+00,2.090000E+05,3.000000E-04,1.180000E-04,2.300000E-05,2.040000E-04,9.750000E-05,4.400000E-08,5.630000E-08,2.390000E-04,1.700000E-06,3.000000E-06,1.000000E-08,5.550000E-04,1.000000E-04,8.010000E-06,7.810000E+05,1.600000E-04,6.020000E-04,1.770000E-04,3.990000E-05,1.950000E-03,1.000000E-14,1.000000E-14,1.000000E-14,1.000000E-14,1.000000E-14,1.000000E-14,1.000000E-14,1.000000E-14,1.000000E-14,1.000000E-14,1.000000E-14,1.000000E-14,1.000000E-14,1.000000E-14,1.000000E-14,1.000000E-14,1.000000E-14,1.000000E-14,1.000000E-14,1.000000E-14
6.000000E+00,5.103000E+02,3.300000E+02,5.837000E-02,3.200000E-01,1.288000E-01,1.672000E+00,2.090000E+05,3.000000E-04,9.710000E-05,2.300000E-05,1.460000E-04,1.110000E-04,4.400000E-08,9.180000E-08,1.790000E-04,1.700000E-06,3.000000E-06,1.000000E-08,5.480000E-04,7.440000E-05,6.420000E-06,7.810000E+05,1.600000E-04,6.000000E-04,1.660000E-04,3.190000E-05,1.900000E-03,1.000000E-14,1.000000E-14,1.000000E-14,1.000000E-14,1.000000E-14,1.000000E-14,1.000000E-14,1.000000E-14,1.000000E-14,1.000000E-14,1.000000E-14,1.000000E-14,1.000000E-14,1.000000E-14,1.000000E-14,1.000000E-14,1.000000E-14,1.000000E-14,1.000000E-14,1.000000E-14
7.000000E+00,2.321000E+02,3.300000E+02,7.891000E-02,3.200000E-01,1.247000E-01,1.649000E+00,2.090000E+05,3.000000E-04,8.300000E-05,2.300000E-05,9.880000E-05,1.260000E-04,4.410000E-08,1.530000E-07,1.320000E-04,1.700000E-06,3.000000E-06,1.000000E-08,5.400000E-04,6.040000E-05,5.420000E-06,7.810000E+05,1.600000E-04,6.000000E-04,1.490000E-04,2.800000E-05,1.850000E-03,1.000000E-14,1.000000E-14,1.000000E-14,1.000000E-14,1.000000E-14,1.000000E-14,1.000000E-14,1.000000E-14,1.000000E-14,1.000000E-14,1.000000E-14,1.000000E-14,1.000000E-14,1.000000E-14,1.000000E-14,1.000000E-14,1.000000E-14,1.000000E-14,1.000000E-14,1.000000E-14
8.000000E+00,1.077000E+02,3.300000E+02,1.039000E-01,3.195000E-01,1.185000E-01,1.629000E+00,2.090000E+05,3.000000E-04,7.210000E-05,2.300000E-05,6.480000E-05,1.390000E-04,4.450000E-08,2.410000E-07,9.960000E-05,1.700000E-06,3.000000E-06,1.010000E-08,5.320000E-04,5.010000E-05,4.700000E-06,7.810000E+05,1.600000E-04,5.980000E-04,1.230000E-04,2.550000E-05,1.790000E-03,1.000000E-14,1.000000E-14,1.000000E-14,1.000000E-14,1.000000E-14,1.000000E-14,1.000000E-14,1.000000E-14,1.000000E-14,1.000000E-14,1.000000E-14,1.000000E-14,1.000000E-14,1.000000E-14,1.000000E-14,1.000000E-14,1.000000E-14,1.000000E-14,1.000000E-14,1.000000E-14
9.000000E+00,5.566000E+01,3.300000E+02,1.567000E-01,3.163000E-01,1.094000E-01,1.615000E+00,2.090000E+05,3.000000E-04,6.560000E-05,2.320000E-05,3.770000E-05,1.530000E-04,4.560000E-08,4.040000E-07,7.480000E-05,1.700000E-06,3.000000E-06,1.050000E-08,5.250000E-04,4.220000E-05,4.410000E-06,7.810000E+05,1.600000E-04,5.940000E-04,9.090000E-05,2.400000E-05,1.720000E-03,1.000000E-14,1.000000E-14,1.000000E-14,1.000000E-14,1.000000E-14,1.000000E-14,1.000000E-14,1.000000E-14,1.000000E-14,1.000000E-14,1.000000E-14,1.000000E-14,1.000000E-14,1.000000E-14,1.000000E-14,1.000000E-14,1.000000E-14,1.000000E-14,1.000000E-14,1.000000E-14
1.000000E+01,2.960000E+01,3.300000E+02,2.370000E-01,3.096000E-01,9.962000E-02,1.579000E+00,2.090000E+05,3.000000E-04,6.080000E-05,2.380000E-05,2.030000E-05,1.740000E-04,4.680000E-08,6.570000E-07,5.680000E-05,1.700000E-06,3.000000E-06,1.210000E-08,5.180000E-04,3.630000E-05,4.340000E-06,7.810000E+05,1.600000E-04,5.880000E-04,5.790000E-05,2.270000E-05,1.580000E-03,1.000000E-14,1.000000E-14,1.000000E-14,1.000000E-14,1.000000E-14,1.000000E-14,1.000000E-14,1.000000E-14,1.000000E-14,1.000000E-14,1.000000E-14,1.000000E-14,1.000000E-14,1.000000E-14,1.000000E-14,1.000000E-14,1.000000E-14,1.000000E-14,1.000000E-14,1.000000E-14
1.100000E+01,1.000000E+01,3.300000E+02,3.624000E-01,2.989000E-01,8.964000E-02,1.542000E+00,2.090000E+05,3.000000E-04,5.790000E-05,2.620000E-05,1.090000E-05,2.020000E-04,4.800000E-08,1.200000E-06,4.590000E-05,1.700000E-06,3.000000E-06,1.870000E-08,5.090000E-04,3.430000E-05,4.650000E-06,7.810000E+05,1.600000E-04,5.790000E-04,3.430000E-05,2.080000E-05,1.300000E-03,1.000000E-14,1.000000E-14,1.000000E-14,1.000000E-14,1.000000E-14,1.000000E-14,1.000000E-14,1.000000E-14,1.000000E-14,1.000000E-14,1.000000E-14,1.000000E-14,1.000000E-14,1.000000E-14,1.000000E-14,1.000000E-14,1.000000E-14,1.000000E-14,1.000000E-14,1.000000E-14
1.200000E+01,6.000000E+00,3.300000E+02,5.232000E-01,2.936000E-01,7.814000E-02,1.508000E+00,2.090000E+05,3.000000E-04,5.600000E-05,3.150000E-05,6.300000E-06,2.410000E-04,4.940000E-08,1.960000E-06,4.360000E-05,1.700000E-06,3.000000E-06,3.180000E-08,4.980000E-04,3.390000E-05,5.010000E-06,7.810000E+05,1.600000E-04,5.660000E-04,1.950000E-05,1.760000E-05,9.860000E-04,1.000000E-14,1.000000E-14,1.000000E-14,1.000000E-14,1.000000E-14,1.000000E-14,1.000000E-14,1.000000E-14,1.000000E-14,1.000000E-14,1.000000E-14,1.000000E-14,1.000000E-14,1.000000E-14,1.000000E-14,1.000000E-14,1.000000E-14,1.000000E-14,1.000000E-14,1.000000E-14
1.300000E+01,5.000000E+00,3.300000E+02,7.036000E-01,2.860000E-01,6.374000E-02,1.479000E+00,2.090000E+05,2.990000E-04,5.590000E-05,4.450000E-05,3.120000E-06,2.760000E-04,5.190000E-08,3.120000E-06,6.510000E-05,1.700000E-06,3.000000E-06,5.610000E-08,4.820000E-04,3.500000E-05,5.220000E-06,7.810000E+05,1.590000E-04,5.480000E-04,1.080000E-05,1.230000E-05,7.220000E-04,1.000000E-14,1.000000E-14,1.000000E-14,1.000000E-14,1.000000E-14,1.000000E-14,1.000000E-14,1.000000E-14,1.000000E-14,1.000000E-14,1.000000E-14,1.000000E-14,1.000000E-14,1.000000E-14,1.000000E-14,1.000000E-14,1.000000E-14,1.000000E-14,1.000000E-14,1.000000E-14
1.400000E+01,4.800000E+00,3.300000E+02,8.000000E-01,2.800000E-01,5.025000E-02,1.451000E+00,2.090000E+05,2.950000E-04,5.640000E-05,7.480000E-05,1.110000E-06,3.330000E-04,5.650000E-08,4.620000E-06,1.010000E-04,1.700000E-06,3.000000E-06,9.990000E-08,4.600000E-04,3.620000E-05,5.600000E-06,7.810000E+05,1.570000E-04,5.280000E-04,6.590000E-06,7.320000E-06,4.960000E-04,1.000000E-14,1.000000E-14,1.000000E-14,1.000000E-14,1.000000E-14,1.000000E-14,1.000000E-14,1.000000E-14,1.000000E-14,1.000000E-14,1.000000E-14,1.000000E-14,1.000000E-14,1.000000E-14,1.000000E-14,1.000000E-14,1.000000E-14,1.000000E-14,1.000000E-14,1.000000E-14
1.500000E+01,4.700000E+00,3.300000E+02,9.000000E-01,2.724000E-01,3.941000E-02,1.422000E+00,2.090000E+05,2.830000E-04,5.750000E-05,1.710000E-04,4.470000E-07,4.520000E-04,6.750000E-08,7.090000E-06,1.630000E-04,1.700000E-06,3.000000E-06,1.780000E-07,4.260000E-04,3.620000E-05,6.860000E-06,7.810000E+05,1.550000E-04,5.030000E-04,4.200000E-06,4.520000E-06,3.350000E-04,1.000000E-14,1.000000E-14,1.000000E-14,1.000000E-14,1.000000E-14,1.000000E-14,1.000000E-14,1.000000E-14,1.000000E-14,1.000000E-14,1.000000E-14,1.000000E-14,1.000000E-14,1.000000E-14,1.000000E-14,1.000000E-14,1.000000E-14,1.000000E-14,1.000000E-14,1.000000E-14
1.600000E+01,4.600000E+00,3.300000E+02,1.100000E+00,2.611000E-01,3.069000E-02,1.390000E+00,2.090000E+05,2.680000E-04,5.750000E-05,3.190000E-04,2.110000E-07,7.370000E-04,8.250000E-08,1.050000E-05,2.370000E-04,1.700000E-06,3.000000E-06,3.160000E-07,3.880000E-04,3.580000E-05,8.770000E-06,7.810000E+05,1.520000E-04,4.770000E-04,2.940000E-06,2.590000E-06,2.140000E-04,1.000000E-14,1.000000E-14,1.000000E-14,1.000000E-14,1.000000E-14,1.000000E-14,1.000000E-14,1.000000E-14,1.000000E-14,1.000000E-14,1.000000E-14,1.000000E-14,1.000000E-14,1.000000E-14,1.000000E-14,1.000000E-14,1.000000E-14,1.000000E-14,1.000000E-14,1.000000E-14
1.700000E+01,4.500000E+00,3.300000E+02,1.400000E+00,2.421000E-01,2.489000E-02,1.356000E+00,2.090000E+05,2.520000E-04,5.370000E-05,5.190000E-04,1.100000E-07,1.310000E-03,1.040000E-07,1.690000E-05,3.130000E-04,1.700000E-06,3.000000E-06,5.650000E-07,3.480000E-04,3.500000E-05,1.200000E-05,7.810000E+05,1.490000E-04,4.490000E-04,2.300000E-06,1.550000E-06,1.490000E-04,1.000000E-14,1.000000E-14,1.000000E-14,1.000000E-14,1.000000E-14,1.000000E-14,1.000000E-14,1.000000E-14,1.000000E-14,1.000000E-14,1.000000E-14,1.000000E-14,1.000000E-14,1.000000E-14,1.000000E-14,1.000000E-14,1.000000E-14,1.000000E-14,1.000000E-14,1.000000E-14
1.800000E+01,4.500000E+00,3.300000E+02,1.800000E+00,2.174000E-01,1.966000E-02,1.323000E+00,2.090000E+05,2.400000E-04,4.780000E-05,7.710000E-04,6.700000E-08,2.110000E-03,1.300000E-07,2.570000E-05,3.850000E-04,1.700000E-06,3.000000E-06,1.040000E-06,3.090000E-04,3.420000E-05,1.630000E-05,7.810000E+05,1.450000E-04,4.210000E-04,2.240000E-06,8.630000E-07,1.050000E-04,1.000000E-14,1.000000E-14,1.000000E-14,1.000000E-14,1.000000E-14,1.000000E-14,1.000000E-14,1.000000E-14,1.000000E-14,1.000000E-14,1.000000E-14,1.000000E-14,1.000000E-14,1.000000E-14,1.000000E-14,1.000000E-14,1.000000E-14,1.000000E-14,1.000000E-14,1.000000E-14
1.900000E+01,4.500000E+00,3.300000E+02,2.300000E+00,1.843000E-01,1.549000E-02,1.281000E+00,2.090000E+05,2.440000E-04,3.970000E-05,1.060000E-03,3.970000E-08,3.170000E-03,1.640000E-07,4.020000E-05,4.420000E-04,1.700000E-06,3.000000E-06,2.040000E-06,2.740000E-04,3.390000E-05,2.260000E-05,7.810000E+05,1.410000E-04,3.950000E-04,2.680000E-06,5.300000E-07,7.960000E-05,1.000000E-14,1.000000E-14,1.000000E-14,1.000000E-14,1.000000E-14,1.000000E-14,1.000000E-14,1.000000E-14,1.000000E-14,1.000000E-14,1.000000E-14,1.000000E-14,1.000000E-14,1.000000E-14,1.000000E-14,1.000000E-14,1.000000E-14,1.000000E-14,1.000000E-14,1.000000E-14
2.000000E+01,4.500000E+00,3.300000E+02,2.900000E+00,1.621000E-01,1.331000E-02,1.224000E+00,2.090000E+05,2.550000E-04,3.190000E-05,1.390000E-03,2.410000E-08,4.200000E-03,2.160000E-07,5.770000E-05,4.890000E-04,1.700000E-06,3.000000E-06,4.640000E-06,2.410000E-04,3.430000E-05,3.070000E-05,7.810000E+05,1.370000E-04,3.690000E-04,3.680000E-06,3.100000E-07,6.010000E-05,1.000000E-14,1.000000E-14,1.000000E-14,1.000000E-14,1.000000E-14,1.000000E-14,1.000000E-14,1.000000E-14,1.000000E-14,1.000000E-14,1.000000E-14,1.000000E-14,1.000000E-14,1.000000E-14,1.000000E-14,1.000000E-14,1.000000E-14,1.000000E-14,1.000000E-14,1.000000E-14
2.100000E+01,4.500000E+00,3.300000E+02,3.500000E+00,1.362000E-01,1.232000E-02,1.154000E+00,2.090000E+05,2.770000E-04,2.670000E-05,1.760000E-03,1.920000E-08,4.940000E-03,3.400000E-07,7.770000E-05,5.220000E-04,1.700000E-06,3.000000E-06,8.150000E-06,2.140000E-04,3.680000E-05,4.290000E-05,7.810000E+05,1.340000E-04,3.430000E-04,5.620000E-06,1.890000E-07,4.570000E-05,1.000000E-14,1.000000E-14,1.000000E-14,1.000000E-14,1.000000E-14,1.000000E-14,1.000000E-14,1.000000E-14,1.000000E-14,1.000000E-14,1.000000E-14,1.000000E-14,1.000000E-14,1.000000E-14,1.000000E-14,1.000000E-14,1.000000E-14,1.000000E-14,1.000000E-14,1.000000E-14
2.200000E+01,4.530000E+00,3.300000E+02,3.900000E+00,1.230000E-01,1.232000E-02,1.066000E+00,2.090000E+05,3.070000E-04,2.280000E-05,2.160000E-03,1.720000E-08,5.460000E-03,5.090000E-07,9.900000E-05,5.490000E-04,1.700000E-06,3.000000E-06,1.070000E-05,1.880000E-04,4.030000E-05,5.760000E-05,7.810000E+05,1.300000E-04,3.170000E-04,1.030000E-05,1.040000E-07,3.400000E-05,1.000000E-14,1.000000E-14,1.000000E-14,1.000000E-14,1.000000E-14,1.000000E-14,1.000000E-14,1.000000E-14,1.000000E-14,1.000000E-14,1.000000E-14,1.000000E-14,1.000000E-14,1.000000E-14,1.000000E-14,1.000000E-14,1.000000E-14,1.000000E-14,1.000000E-14,1.000000E-14
2.300000E+01,4.550000E+00,3.300000E+02,4.300000E+00,1.124000E-01,1.307000E-02,9.730000E-01,2.090000E+05,3.600000E-04,2.070000E-05,2.580000E-03,1.590000E-08,5.740000E-03,7.590000E-07,1.230000E-04,5.750000E-04,1.700000E-06,3.000000E-06,1.520000E-05,1.640000E-04,4.500000E-05,7.650000E-05,7.810000E+05,1.250000E-04,2.860000E-04,1.970000E-05,5.750000E-08,2.600000E-05,1.000000E-14,1.000000E-14,1.000000E-14,1.000000E-14,1.000000E-14,1.000000E-14,1.000000E-14,1.000000E-14,1.000000E-14,1.000000E-14,1.000000E-14,1.000000E-14,1.000000E-14,1.000000E-14,1.000000E-14,1.000000E-14,1.000000E-14,1.000000E-14,1.000000E-14,1.000000E-14
2.400000E+01,4.600000E+00,3.300000E+02,4.700000E+00,1.048000E-01,1.400000E-02,8.800000E-01,2.090000E+05,4.510000E-04,1.900000E-05,3.060000E-03,1.440000E-08,5.840000E-03,1.160000E-06,1.500000E-04,6.040000E-04,1.700000E-06,3.000000E-06,2.240000E-05,1.370000E-04,5.060000E-05,9.920000E-05,7.810000E+05,1.190000E-04,2.480000E-04,3.700000E-05,2.230000E-08,1.890000E-05,1.000000E-14,1.000000E-14,1.000000E-14,1.000000E-14,1.000000E-14,1.000000E-14,1.000000E-14,1.000000E-14,1.000000E-14,1.000000E-14,1.000000E-14,1.000000E-14,1.000000E-14,1.000000E-14,1.000000E-14,1.000000E-14,1.000000E-14,1.000000E-14,1.000000E-14,1.000000E-14
2.500000E+01,4.650000E+00,3.300000E+02,5.100000E+00,9.661000E-02,1.498000E-02,7.931000E-01,2.090000E+05,6.850000E-04,1.750000E-05,3.740000E-03,1.230000E-08,5.610000E-03,2.180000E-06,1.820000E-04,6.510000E-04,1.710000E-06,3.000000E-06,3.970000E-05,1.080000E-04,5.820000E-05,1.310000E-04,7.810000E+05,1.130000E-04,1.910000E-04,6.200000E-05,8.510000E-09,1.220000E-05,1.000000E-14,1.000000E-14,1.000000E-14,1.000000E-14,1.000000E-14,1.000000E-14,1.000000E-14,1.000000E-14,1.000000E-14,1.000000E-14,1.000000E-14,1.000000E-14,1.000000E-14,1.000000E-14,1.000000E-14,1.000000E-14,1.000000E-14,1.000000E-14,1.000000E-14,1.000000E-14
2.750000E+01,4.700000E+00,3.300000E+02,5.600000E+00,8.693000E-02,1.598000E-02,7.130000E-01,2.090000E+05,1.280000E-03,1.540000E-05,4.810000E-03,9.370000E-09,4.820000E-03,5.000000E-06,2.300000E-04,7.510000E-04,1.760000E-06,3.000000E-06,8.480000E-05,6.700000E-05,7.210000E-05,1.840000E-04,7.810000E+05,1.050000E-04,1.100000E-04,1.030000E-04,4.090000E-09,5.740000E-06,1.000000E-14,1.000000E-14,1.000000E-14,1.000000E-14,1.000000E-14,1.000000E-14,1.000000E-14,1.000000E-14,1.000000E-14,1.000000E-14,1.000000E-14,1.000000E-14,1.000000E-14,1.000000E-14,1.000000E-14,1.000000E-14,1.000000E-14,1.000000E-14,1.000000E-14,1.000000E-14
3.000000E+01,4.750000E+00,3.300000E+02,6.100000E+00,7.524000E-02,1.710000E-02,6.438000E-01,2.090000E+05,2.450000E-03,1.340000E-05,6.160000E-03,6.350000E-09,3.740000E-03,1.170000E-05,2.830000E-04,9.880000E-04,1.900000E-06,3.000000E-06,1.850000E-04,2.960000E-05,8.730000E-05,2.450000E-04,7.810000E+05,9.730000E-05,4.720000E-05,1.360000E-04,2.520000E-09,2.140000E-06,1.000000E-14,1.000000E-14,1.000000E-14,1.000000E-14,1.000000E-14,1.000000E-14,1.000000E-14,1.000000E-14,1.000000E-14,1.000000E-14,1.000000E-14,1.000000E-14,1.000000E-14,1.000000E-14,1.000000E-14,1.000000E-14,1.000000E-14,1.000000E-14,1.000000E-14,1.000000E-14
3.250000E+01,4.800000E+00,3.300000E+02,6.800000E+00,6.126000E-02,1.850000E-02,5.746000E-01,2.090000E+05,4.530000E-03,1.210000E-05,7.210000E-03,3.680000E-09,2.590000E-03,3.400000E-05,3.200000E-04,1.280000E-03,2.260000E-06,3.000000E-06,3.570000E-04,1.210000E-05,1.010000E-04,2.960000E-04,7.810000E+05,9.040000E-05,1.790000E-05,1.360000E-04,1.860000E-09,8.490000E-07,1.000000E-14,1.000000E-14,1.000000E-14,1.000000E-14,1.000000E-14,1.000000E-14,1.000000E-14,1.000000E-14,1.000000E-14,1.000000E-14,1.000000E-14,1.000000E-14,1.000000E-14,1.000000E-14,1.000000E-14,1.000000E-14,1.000000E-14,1.000000E-14,1.000000E-14,1.000000E-14
3.500000E+01,4.850000E+00,3.300000E+02,7.100000E+00,5.116000E-02,1.997000E-02,5.050000E-01,2.090000E+05,7.140000E-03,1.160000E-05,7.280000E-03,1.820000E-09,1.640000E-03,8.350000E-05,3.480000E-04,1.570000E-03,2.820000E-06,3.000000E-06,5.080000E-04,4.310000E-06,1.110000E-04,3.210000E-04,7.810000E+05,8.460000E-05,7.350000E-06,1.130000E-04,1.520000E-09,3.420000E-07,1.000000E-14,1.000000E-14,1.000000E-14,1.000000E-14,1.000000E-14,1.000000E-14,1.000000E-14,1.000000E-14,1.000000E-14,1.000000E-14,1.000000E-14,1.000000E-14,1.000000E-14,1.000000E-14,1.000000E-14,1.000000E-14,1.000000E-14,1.000000E-14,1.000000E-14,1.000000E-14
3.750000E+01,4.900000E+00,3.300000E+02,7.200000E+00,3.968000E-02,2.147000E-02,4.481000E-01,2.090000E+05,9.340000E-03,1.210000E-05,6.260000E-03,9.260000E-10,9.680000E-04,1.700000E-04,3.720000E-04,1.690000E-03,3.690000E-06,3.000000E-06,6.070000E-04,1.600000E-06,1.130000E-04,3.040000E-04,7.810000E+05,8.020000E-05,3.030000E-06,8.510000E-05,1.320000E-09,1.340000E-07,1.000000E-14,1.000000E-14,1.000000E-14,1.000000E-14,1.000000E-14,1.000000E-14,1.000000E-14,1.000000E-14,1.000000E-14,1.000000E-14,1.000000E-14,1.000000E-14,1.000000E-14,1.000000E-14,1.000000E-14,1.000000E-14,1.000000E-14,1.000000E-14,1.000000E-14,1.000000E-14
4.000000E+01,4.950000E+00,3.300000E+02,6.900000E+00,2.995000E-02,2.331000E-02,3.931000E-01,2.090000E+05,1.120000E-02,1.360000E-05,4.030000E-03,2.940000E-10,5.330000E-04,2.850000E-04,3.950000E-04,1.740000E-03,4.910000E-06,3.000000E-06,5.950000E-04,6.710000E-07,1.030000E-04,2.480000E-04,7.810000E+05,7.630000E-05,1.320000E-06,6.370000E-05,1.180000E-09,5.390000E-08,1.000000E-14,1.000000E-14,1.000000E-14,1.000000E-14,1.000000E-14,1.000000E-14,1.000000E-14,1.000000E-14,1.000000E-14,1.000000E-14,1.000000E-14,1.000000E-14,1.000000E-14,1.000000E-14,1.000000E-14,1.000000E-14,1.000000E-14,1.000000E-14,1.000000E-14,1.000000E-14
4.250000E+01,5.000000E+00,3.300000E+02,5.900000E+00,2.080000E-02,2.622000E-02,3.395000E-01,2.090000E+05,1.190000E-02,1.650000E-05,2.170000E-03,8.720000E-11,2.520000E-04,4.060000E-04,4.100000E-04,1.760000E-03,6.130000E-06,3.000000E-06,4.330000E-04,4.350000E-07,7.950000E-05,1.640000E-04,7.810000E+05,7.300000E-05,8.690000E-07,5.170000E-05,1.080000E-09,2.250000E-08,1.000000E-14,1.000000E-14,1.000000E-14,1.000000E-14,1.000000E-14,1.000000E-14,1.000000E-14,1.000000E-14,1.000000E-14,1.000000E-14,1.000000E-14,1.000000E-14,1.000000E-14,1.000000E-14,1.000000E-14,1.000000E-14,1.000000E-14,1.000000E-14,1.000000E-14,1.000000E-14
4.500000E+01,5.000000E+00,3.300000E+02,4.600000E+00,1.311000E-02,3.057000E-02,2.876000E-01,2.090000E+05,1.170000E-02,2.100000E-05,1.150000E-03,2.980000E-11,1.210000E-04,5.110000E-04,4.210000E-04,1.790000E-03,6.850000E-06,3.000000E-06,2.510000E-04,3.340000E-07,4.820000E-05,9.740000E-05,7.810000E+05,7.000000E-05,6.680000E-07,4.440000E-05,9.970000E-10,1.040000E-08,1.000000E-14,1.000000E-14,1.000000E-14,1.000000E-14,1.000000E-14,1.000000E-14,1.000000E-14,1.000000E-14,1.000000E-14,1.000000E-14,1.000000E-14,1.000000E-14,1.000000E-14,1.000000E-14,1.000000E-14,1.000000E-14,1.000000E-14,1.000000E-14,1.000000E-14,1.000000E-14
4.750000E+01,5.000000E+00,3.300000E+02,3.700000E+00,8.071000E-03,3.803000E-02,2.386000E-01,2.090000E+05,1.100000E-02,2.770000E-05,6.660000E-04,1.300000E-11,7.700000E-05,5.790000E-04,4.240000E-04,1.800000E-03,7.080000E-06,3.000000E-06,1.560000E-04,2.800000E-07,1.630000E-05,4.920000E-05,7.810000E+05,6.700000E-05,5.600000E-07,3.800000E-05,9.340000E-10,6.570000E-09,1.000000E-14,1.000000E-14,1.000000E-14,1.000000E-14,1.000000E-14,1.000000E-14,1.000000E-14,1.000000E-14,1.000000E-14,1.000000E-14,1.000000E-14,1.000000E-14,1.000000E-14,1.000000E-14,1.000000E-14,1.000000E-14,1.000000E-14,1.000000E-14,1.000000E-14,1.000000E-14
5.000000E+01,4.950000E+00,3.300000E+02,2.750000E+00,4.164000E-03,6.245000E-02,1.944000E-01,2.090000E+05,1.030000E-02,3.560000E-05,4.430000E-04,7.130000E-12,5.550000E-05,6.750000E-04,4.250000E-04,1.800000E-03,7.140000E-06,3.000000E-06,1.040000E-04,2.470000E-07,5.100000E-06,2.530000E-05,7.810000E+05,6.430000E-05,4.940000E-07,3.480000E-05,8.830000E-10,4.740000E-09,1.000000E-14,1.000000E-14,1.000000E-14,1.000000E-14,1.000000E-14,1.000000E-14,1.000000E-14,1.000000E-14,1.000000E-14,1.000000E-14,1.000000E-14,1.000000E-14,1.000000E-14,1.000000E-14,1.000000E-14,1.000000E-14,1.000000E-14,1.000000E-14,1.000000E-14,1.000000E-14
5.500000E+01,4.850000E+00,3.300000E+02,1.700000E+00,2.629000E-03,1.480000E-01,1.574000E-01,2.090000E+05,1.010000E-02,4.590000E-05,3.390000E-04,4.800000E-12,4.450000E-05,9.530000E-04,4.250000E-04,1.800000E-03,7.150000E-06,3.000000E-06,7.690000E-05,2.280000E-07,2.000000E-06,1.500000E-05,7.810000E+05,6.210000E-05,4.560000E-07,3.620000E-05,8.430000E-10,3.790000E-09,1.000000E-14,1.000000E-14,1.000000E-14,1.000000E-14,1.000000E-14,1.000000E-14,1.000000E-14,1.000000E-14,1.000000E-14,1.000000E-14,1.000000E-14,1.000000E-14,1.000000E-14,1.000000E-14,1.000000E-14,1.000000E-14,1.000000E-14,1.000000E-14,1.000000E-14,1.000000E-14
6.000000E+01,4.500000E+00,3.300000E+02,1.000000E+00,1.809000E-03,2.926000E-01,1.500000E-01,2.090000E+05,1.010000E-02,5.150000E-05,2.850000E-04,3.660000E-12,3.840000E-05,1.760000E-03,4.250000E-04,1.800000E-03,7.150000E-06,3.000000E-06,6.300000E-05,2.160000E-07,1.050000E-06,1.050000E-05,7.810000E+05,6.020000E-05,4.320000E-07,5.250000E-05,8.100000E-10,3.280000E-09,1.000000E-14,1.000000E-14,1.000000E-14,1.000000E-14,1.000000E-14,1.000000E-14,1.000000E-14,1.000000E-14,1.000000E-14,1.000000E-14,1.000000E-14,1.000000E-14,1.000000E-14,1.000000E-14,1.000000E-14,1.000000E-14,1.000000E-14,1.000000E-14,1.000000E-14,1.000000E-14
6.500000E+01,4.000000E+00,3.300000E+02,5.500000E-01,1.321000E-03,5.586000E-01,1.500000E-01,2.090000E+05,1.030000E-02,5.110000E-05,2.530000E-04,3.000000E-12,3.490000E-05,3.740000E-03,4.250000E-04,1.800000E-03,7.150000E-06,3.000000E-06,5.520000E-05,2.080000E-07,6.860000E-07,8.340000E-06,7.810000E+05,5.880000E-05,4.170000E-07,1.260000E-04,7.830000E-10,2.980000E-09,1.000000E-14,1.000000E-14,1.000000E-14,1.000000E-14,1.000000E-14,1.000000E-14,1.000000E-14,1.000000E-14,1.000000E-14,1.000000E-14,1.000000E-14,1.000000E-14,1.000000E-14,1.000000E-14,1.000000E-14,1.000000E-14,1.000000E-14,1.000000E-14,1.000000E-14,1.000000E-14
7.000000E+01,3.300000E+00,3.300000E+02,3.200000E-01,1.007000E-03,1.078000E+00,1.500000E-01,2.090000E+05,1.150000E-02,4.320000E-05,2.310000E-04,2.570000E-12,3.270000E-05,7.190000E-03,4.250000E-04,1.800000E-03,7.150000E-06,3.000000E-06,5.040000E-05,2.030000E-07,5.140000E-07,7.110000E-06,7.810000E+05,5.750000E-05,4.050000E-07,3.770000E-04,7.600000E-10,2.790000E-09,1.000000E-14,1.000000E-14,1.000000E-14,1.000000E-14,1.000000E-14,1.000000E-14,1.000000E-14,1.000000E-14,1.000000E-14,1.000000E-14,1.000000E-14,1.000000E-14,1.000000E-14,1.000000E-14,1.000000E-14,1.000000E-14,1.000000E-14,1.000000E-14,1.000000E-14,1.000000E-14
7.500000E+01,2.700000E+00,3.300000E+02,2.500000E-01,7.883000E-04,1.897000E+00,1.500000E-01,2.090000E+05,1.610000E-02,2.830000E-05,2.150000E-04,2.270000E-12,3.120000E-05,1.120000E-02,4.250000E-04,1.800000E-03,7.150000E-06,3.000000E-06,4.720000E-05,1.980000E-07,4.160000E-07,6.330000E-06,7.810000E+05,5.620000E-05,3.960000E-07,1.120000E-03,7.400000E-10,2.660000E-09,1.000000E-14,1.000000E-14,1.000000E-14,1.000000E-14,1.000000E-14,1.000000E-14,1.000000E-14,1.000000E-14,1.000000E-14,1.000000E-14,1.000000E-14,1.000000E-14,1.000000E-14,1.000000E-14,1.000000E-14,1.000000E-14,1.000000E-14,1.000000E-14,1.000000E-14,1.000000E-14
8.000000E+01,2.000000E+00,3.280000E+02,2.300000E-01,6.333000E-04,2.960000E+00,1.500000E-01,2.090000E+05,2.680000E-02,1.330000E-05,2.020000E-04,2.040000E-12,3.010000E-05,1.130000E-02,4.250000E-04,1.800000E-03,7.150000E-06,3.000000E-06,4.490000E-05,1.950000E-07,3.530000E-07,5.780000E-06,7.810000E+05,5.500000E-05,3.890000E-07,2.000000E-03,7.230000E-10,2.560000E-09,1.000000E-14,1.000000E-14,1.000000E-14,1.000000E-14,1.000000E-14,1.000000E-14,1.000000E-14,1.000000E-14,1.000000E-14,1.000000E-14,1.000000E-14,1.000000E-14,1.000000E-14,1.000000E-14,1.000000E-14,1.000000E-14,1.000000E-14,1.000000E-14,1.000000E-14,1.000000E-14
8.500000E+01,1.330000E+00,3.200000E+02,5.500000E-01,5.194000E-04,4.526000E+00,1.500000E-01,2.000000E+05,7.010000E-02,5.560000E-06,1.920000E-04,1.850000E-12,2.920000E-05,6.100000E-03,4.250000E-04,1.800000E-03,7.150000E-06,3.000000E-06,4.300000E-05,1.920000E-07,3.090000E-07,5.370000E-06,7.810000E+05,5.370000E-05,3.830000E-07,1.680000E-03,7.070000E-10,2.490000E-09,1.000000E-14,1.000000E-14,1.000000E-14,1.000000E-14,1.000000E-14,1.000000E-14,1.000000E-14,1.000000E-14,1.000000E-14,1.000000E-14,1.000000E-14,1.000000E-14,1.000000E-14,1.000000E-14,1.000000E-14,1.000000E-14,1.000000E-14,1.000000E-14,1.000000E-14,1.000000E-14
9.000000E+01,8.500000E-01,3.100000E+02,8.000000E-01,4.333000E-04,6.862000E+00,1.400000E-01,1.900000E+05,2.130000E-01,2.240000E-06,1.830000E-04,1.710000E-12,2.840000E-05,1.510000E-03,4.250000E-04,1.800000E-03,7.150000E-06,3.000000E-06,4.160000E-05,1.890000E-07,2.760000E-07,5.050000E-06,7.800000E+05,5.250000E-05,3.780000E-07,4.310000E-04,6.940000E-10,2.430000E-09,1.000000E-14,1.000000E-14,1.000000E-14,1.000000E-14,1.000000E-14,1.000000E-14,1.000000E-14,1.000000E-14,1.000000E-14,1.000000E-14,1.000000E-14,1.000000E-14,1.000000E-14,1.000000E-14,1.000000E-14,1.000000E-14,1.000000E-14,1.000000E-14,1.000000E-14,1.000000E-14
9.500000E+01,5.400000E-01,2.700000E+02,8.000000E-01,3.666000E-04,1.054000E+01,1.300000E-01,1.800000E+05,7.120000E-01,8.960000E-07,1.760000E-04,1.590000E-12,2.780000E-05,2.420000E-04,4.250000E-04,1.800000E-03,7.150000E-06,3.000000E-06,4.030000E-05,1.870000E-07,2.500000E-07,4.780000E-06,7.790000E+05,5.120000E-05,3.730000E-07,4.980000E-05,6.810000E-10,2.370000E-09,1.000000E-14,1.000000E-14,1.000000E-14,1.000000E-14,1.000000E-14,1.000000E-14,1.000000E-14,1.000000E-14,1.000000E-14,1.000000E-14,1.000000E-14,1.000000E-14,1.000000E-14,1.000000E-14,1.000000E-14,1.000000E-14,1.000000E-14,1.000000E-14,1.000000E-14,1.000000E-14
1.000000E+02,4.000000E-01,1.950000E+02,4.000000E-01,3.140000E-04,1.709000E+01,1.200000E-01,1.600000E+05,2.080000E+00,3.580000E-07,1.700000E-04,1.480000E-12,2.730000E-05,4.470000E-05,4.250000E-04,1.800000E-03,7.150000E-06,3.000000E-06,3.930000E-05,1.850000E-07,2.300000E-07,4.560000E-06,7.770000E+05,5.000000E-05,3.690000E-07,6.760000E-06,6.700000E-10,2.330000E-09,1.000000E-14,1.000000E-14,1.000000E-14,1.000000E-14,1.000000E-14,1.000000E-14,1.000000E-14,1.000000E-14,1.000000E-14,1.000000E-14,1.000000E-14,1.000000E-14,1.000000E-14,1.000000E-14,1.000000E-14,1.000000E-14,1.000000E-14,1.000000E-14,1.000000E-14,1.000000E-14
1.050000E+02,3.400000E-01,1.100000E+02,2.000000E-01,2.717000E-04,2.473000E+01,1.100000E-01,1.400000E+05,4.500000E+00,1.430000E-07,1.640000E-04,1.400000E-12,2.680000E-05,1.770000E-05,4.250000E-04,1.800000E-03,7.150000E-06,3.000000E-06,3.830000E-05,1.830000E-07,2.130000E-07,4.370000E-06,7.740000E+05,4.870000E-05,3.660000E-07,8.380000E-07,6.590000E-10,2.290000E-09,1.000000E-14,1.000000E-14,1.000000E-14,1.000000E-14,1.000000E-14,1.000000E-14,1.000000E-14,1.000000E-14,1.000000E-14,1.000000E-14,1.000000E-14,1.000000E-14,1.000000E-14,1.000000E-14,1.000000E-14,1.000000E-14,1.000000E-14,1.000000E-14,1.000000E-14,1.000000E-14
1.100000E+02,2.800000E-01,6.000000E+01,5.000000E-02,2.373000E-04,3.359000E+01,9.500000E-02,1.200000E+05,7.980000E+00,5.730000E-08,1.590000E-04,1.320000E-12,2.640000E-05,1.190000E-05,4.250000E-04,1.800000E-03,7.150000E-06,3.000000E-06,3.750000E-05,1.810000E-07,1.980000E-07,4.210000E-06,7.700000E+05,4.750000E-05,3.620000E-07,9.560000E-08,6.490000E-10,2.250000E-09,1.000000E-14,1.000000E-14,1.000000E-14,1.000000E-14,1.000000E-14,1.000000E-14,1.000000E-14,1.000000E-14,1.000000E-14,1.000000E-14,1.000000E-14,1.000000E-14,1.000000E-14,1.000000E-14,1.000000E-14,1.000000E-14,1.000000E-14,1.000000E-14,1.000000E-14,1.000000E-14
1.150000E+02,2.400000E-01,4.000000E+01,5.000000E-03,2.089000E-04,4.149000E+01,6.000000E-02,9.400000E+04,1.000000E+01,2.290000E-08,1.550000E-04,1.250000E-12,2.600000E-05,1.350000E-05,4.250000E-04,1.800000E-03,7.150000E-06,3.000000E-06,3.680000E-05,1.800000E-07,1.860000E-07,4.060000E-06,7.650000E+05,4.620000E-05,3.590000E-07,1.000000E-08,6.400000E-10,2.220000E-09,1.000000E-14,1.000000E-14,1.000000E-14,1.000000E-14,1.000000E-14,1.000000E-14,1.000000E-14,1.000000E-14,1.000000E-14,1.000000E-14,1.000000E-14,1.000000E-14,1.000000E-14,1.000000E-14,1.000000E-14,1.000000E-14,1.000000E-14,1.000000E-14,1.000000E-14,1.000000E-14
1.200000E+02,2.000000E-01,3.500000E+01,5.000000E-04,1.851000E-04,5.000000E+01,3.000000E-02,7.250000E+04,1.000000E+01,9.170000E-09,1.510000E-04,1.190000E-12,2.570000E-05,2.200000E-05,4.250000E-04,1.800000E-03,7.150000E-06,3.000000E-06,3.610000E-05,1.780000E-07,1.750000E-07,3.930000E-06,7.600000E+05,4.500000E-05,3.560000E-07,1.000000E-09,6.320000E-10,2.190000E-09,1.000000E-14,1.000000E-14,1.000000E-14,1.000000E-14,1.000000E-14,1.000000E-14,1.000000E-14,1.000000E-14,1.000000E-14,1.000000E-14,1.000000E-14,1.000000E-14,1.000000E-14,1.000000E-14,1.000000E-14,1.000000E-14,1.000000E-14,1.000000E-14,1.000000E-14,1.000000E-14
