# Lowell Discovery Telescope, 2020 trace-gas abundances, generated by scripts/era5_site_profile.py.
# ERA5 at 2016-12-09T07:00Z, cell (+34.750, 248.500), ARCO-ERA5 37-level.
# anchored at 768.9 hPa / 2.360 km from the frame headers; 7.20 mm vertical water.
# VMR columns are moist-air volume mixing ratios, dimensionless.
pressure_top_bar,pressure_bottom_bar,temperature_k,altitude_km,mean_molecular_weight_g_mol,gravity_m_s2,H2O,CO2,CH4,N2O,CO,O2
7.71527474e-03,3.70295610e-02,214.995506,27.360000,28.964700,9.722961,4.68752526e-06,4.13998059e-04,1.86999123e-06,3.32998439e-07,9.99995312e-08,2.09499018e-01
3.70295610e-02,9.94375200e-02,204.561651,19.360000,28.964700,9.747320,4.41855354e-06,4.13998171e-04,1.86999174e-06,3.32998529e-07,9.99995581e-08,2.09499074e-01
9.94375200e-02,1.89308662e-01,212.267243,14.360000,28.964700,9.762591,5.62164925e-06,4.13997673e-04,1.86998949e-06,3.32998128e-07,9.99994378e-08,2.09498822e-01
1.89308662e-01,3.02168283e-01,217.245667,10.860000,28.964700,9.773302,6.58094933e-05,4.13972755e-04,1.86987694e-06,3.32978085e-07,9.99934191e-08,2.09486213e-01
3.02168283e-01,4.02385721e-01,238.167385,8.360000,28.964700,9.780964,4.09980207e-04,4.13830268e-04,1.86923334e-06,3.32863477e-07,9.99590020e-08,2.09414109e-01
4.02385721e-01,4.86639366e-01,251.038610,6.660000,28.964700,9.786179,1.05226601e-03,4.13564362e-04,1.86803226e-06,3.32649595e-07,9.98947734e-08,2.09279550e-01
4.86639366e-01,5.54852377e-01,260.004902,5.460000,28.964700,9.789863,1.69651879e-03,4.13297641e-04,1.86682751e-06,3.32435059e-07,9.98303481e-08,2.09144579e-01
5.54852377e-01,6.14652832e-01,266.632804,4.560000,28.964700,9.792627,2.42153848e-03,4.12997483e-04,1.86547172e-06,3.32193628e-07,9.97578462e-08,2.08992688e-01
6.14652832e-01,6.62723568e-01,271.959101,3.860000,28.964700,9.794778,3.17054721e-03,4.12687393e-04,1.86407108e-06,3.31944208e-07,9.96829453e-08,2.08835770e-01
6.62723568e-01,7.05145756e-01,275.043957,3.310000,28.964700,9.796468,4.70515316e-03,4.12052067e-04,1.86120136e-06,3.31433184e-07,9.95294847e-08,2.08514270e-01
7.05145756e-01,7.40896468e-01,276.059999,2.860000,28.964700,9.797851,5.78843223e-03,4.11603589e-04,1.85917563e-06,3.31072452e-07,9.94211568e-08,2.08287323e-01
7.40896468e-01,7.68869954e-01,276.315166,2.510000,28.964700,9.798927,6.32683021e-03,4.11380692e-04,1.85816883e-06,3.30893166e-07,9.93673170e-08,2.08174529e-01
