# Lowell Discovery Telescope, 2020 trace-gas abundances, generated by scripts/make_site_profile.py.
# surface 768.5 hPa / 281.1 K at 2.360 km, lapse 6.5 K/km.
# water: exponential scale height 2.0 km on a 5.0e-06 stratospheric floor, 4.00 mm vertical.
# VMR columns are moist-air volume mixing ratios, dimensionless.
pressure_top_bar,pressure_bottom_bar,temperature_k,altitude_km,mean_molecular_weight_g_mol,gravity_m_s2,H2O,CO2,CH4,N2O,CO,O2
8.44993716e-03,4.03493984e-02,216.650000,27.360000,28.964700,9.722961,5.40561870e-06,4.13997762e-04,1.86998989e-06,3.32998200e-07,9.99994594e-08,2.09498868e-01
4.03493984e-02,1.03335062e-01,216.650000,19.360000,28.964700,9.747320,1.13303738e-05,4.13995309e-04,1.86997881e-06,3.32996227e-07,9.99988670e-08,2.09497626e-01
1.03335062e-01,1.93619014e-01,216.650000,14.360000,28.964700,9.762591,4.02011566e-05,4.13983357e-04,1.86992482e-06,3.32986613e-07,9.99959799e-08,2.09491578e-01
1.93619014e-01,3.04388571e-01,225.900000,10.860000,28.964700,9.773302,1.27462219e-04,4.13947231e-04,1.86976165e-06,3.32957555e-07,9.99872538e-08,2.09473297e-01
3.04388571e-01,4.03346706e-01,242.150000,8.360000,28.964700,9.780964,3.23388208e-04,4.13866117e-04,1.86939526e-06,3.32892312e-07,9.99676612e-08,2.09432250e-01
4.03346706e-01,4.87025744e-01,253.200000,6.660000,28.964700,9.786179,6.21413704e-04,4.13742735e-04,1.86883796e-06,3.32793069e-07,9.99378586e-08,2.09369814e-01
4.87025744e-01,5.55013349e-01,261.000000,5.460000,28.964700,9.789863,9.92420678e-04,4.13589138e-04,1.86814417e-06,3.32669524e-07,9.99007579e-08,2.09292088e-01
5.55013349e-01,6.14781785e-01,266.850000,4.560000,28.964700,9.792627,1.41443335e-03,4.13414425e-04,1.86735501e-06,3.32528994e-07,9.98585567e-08,2.09203676e-01
6.14781785e-01,6.62952476e-01,271.400000,3.860000,28.964700,9.794778,1.86644192e-03,4.13227293e-04,1.86650975e-06,3.32378475e-07,9.98133558e-08,2.09108980e-01
6.62952476e-01,7.05396212e-01,274.975000,3.310000,28.964700,9.796468,2.32307009e-03,4.13038249e-04,1.86565586e-06,3.32226418e-07,9.97676930e-08,2.09013317e-01
7.05396212e-01,7.40917225e-01,277.900000,2.860000,28.964700,9.797851,2.78029517e-03,4.12848958e-04,1.86480085e-06,3.32074162e-07,9.97219705e-08,2.08917528e-01
7.40917225e-01,7.68500000e-01,280.175000,2.510000,28.964700,9.798927,3.19842829e-03,4.12675851e-04,1.86401894e-06,3.31934923e-07,9.96801572e-08,2.08829929e-01
