# Gemini South, 2020 trace-gas abundances, generated by scripts/make_site_profile.py.
# surface 728.5 hPa / 283.6 K at 2.722 km, lapse 6.5 K/km.
# water: exponential scale height 2.0 km on a 5.0e-06 stratospheric floor, 4.00 mm vertical.
# VMR columns are moist-air volume mixing ratios, dimensionless.
pressure_top_bar,pressure_bottom_bar,temperature_k,altitude_km,mean_molecular_weight_g_mol,gravity_m_s2,H2O,CO2,CH4,N2O,CO,O2
8.12788790e-03,3.88047122e-02,216.650000,27.722000,28.964700,9.721861,5.42186002e-06,4.13997755e-04,1.86998986e-06,3.32998195e-07,9.99994578e-08,2.09498864e-01
3.88047122e-02,9.93685246e-02,216.650000,19.722000,28.964700,9.746216,1.15847809e-05,4.13995204e-04,1.86997834e-06,3.32996142e-07,9.99988415e-08,2.09497573e-01
9.93685246e-02,1.86132386e-01,216.650000,14.722000,28.964700,9.761485,4.16190867e-05,4.13982770e-04,1.86992217e-06,3.32986141e-07,9.99958381e-08,2.09491281e-01
1.86132386e-01,2.91160866e-01,228.400000,11.222000,28.964700,9.772194,1.34173109e-04,4.13944452e-04,1.86974910e-06,3.32955320e-07,9.99865827e-08,2.09471891e-01
2.91160866e-01,3.84697727e-01,244.650000,8.722000,28.964700,9.779854,3.41897492e-04,4.13858454e-04,1.86936065e-06,3.32886148e-07,9.99658103e-08,2.09428372e-01
3.84697727e-01,4.63642425e-01,255.700000,7.022000,28.964700,9.785068,6.58501438e-04,4.13727380e-04,1.86876860e-06,3.32780719e-07,9.99341499e-08,2.09362044e-01
4.63642425e-01,5.27703293e-01,263.500000,5.822000,28.964700,9.788751,1.05314921e-03,4.13563996e-04,1.86803061e-06,3.32649301e-07,9.98946851e-08,2.09279365e-01
5.27703293e-01,5.83969383e-01,269.350000,4.922000,28.964700,9.791515,1.50245867e-03,4.13377982e-04,1.86719040e-06,3.32499681e-07,9.98497541e-08,2.09185235e-01
5.83969383e-01,6.29287000e-01,273.900000,4.222000,28.964700,9.793665,1.98402501e-03,4.13178614e-04,1.86628987e-06,3.32339320e-07,9.98015975e-08,2.09084347e-01
6.29287000e-01,6.69196446e-01,277.475000,3.672000,28.964700,9.795355,2.47075971e-03,4.12977105e-04,1.86537968e-06,3.32177237e-07,9.97529240e-08,2.08982376e-01
6.69196446e-01,7.02582870e-01,280.400000,3.222000,28.964700,9.796739,2.95832445e-03,4.12775254e-04,1.86446793e-06,3.32014878e-07,9.97041676e-08,2.08880231e-01
7.02582870e-01,7.28500000e-01,282.675000,2.872000,28.964700,9.797814,3.40434244e-03,4.12590602e-04,1.86363388e-06,3.31866354e-07,9.96595658e-08,2.08786790e-01
