# Gemini South, 2020 trace-gas abundances, generated by scripts/era5_site_profile.py.
# ERA5 at 2021-03-17T07:00Z, cell (-30.250, 289.250), ARCO-ERA5 37-level.
# anchored at 734.2 hPa / 2.722 km from ERA5's own geopotential; 4.33 mm vertical water.
# VMR columns are moist-air volume mixing ratios, dimensionless.
pressure_top_bar,pressure_bottom_bar,temperature_k,altitude_km,mean_molecular_weight_g_mol,gravity_m_s2,H2O,CO2,CH4,N2O,CO,O2
8.09031125e-03,3.62011832e-02,227.417776,27.722000,28.964700,9.721861,4.64087348e-06,4.13998079e-04,1.86999132e-06,3.32998455e-07,9.99995359e-08,2.09499028e-01
3.62011832e-02,9.66243290e-02,207.264578,19.722000,28.964700,9.746216,4.21498003e-06,4.13998255e-04,1.86999212e-06,3.32998596e-07,9.99995785e-08,2.09499117e-01
9.66243290e-02,1.84594236e-01,210.959681,14.722000,28.964700,9.761485,4.88751261e-06,4.13997977e-04,1.86999086e-06,3.32998372e-07,9.99995112e-08,2.09498976e-01
1.84594236e-01,2.90876544e-01,224.219163,11.222000,28.964700,9.772194,2.56815006e-05,4.13989368e-04,1.86995198e-06,3.32991448e-07,9.99974318e-08,2.09494620e-01
2.90876544e-01,3.85841501e-01,241.280471,8.722000,28.964700,9.779854,1.80738773e-04,4.13925174e-04,1.86966202e-06,3.32939814e-07,9.99819261e-08,2.09462135e-01
3.85841501e-01,4.65634473e-01,253.963242,7.022000,28.964700,9.785068,3.10649642e-04,4.13871391e-04,1.86941909e-06,3.32896554e-07,9.99689350e-08,2.09434919e-01
4.65634473e-01,5.30617953e-01,260.899459,5.822000,28.964700,9.788751,1.30081101e-03,4.13461464e-04,1.86756748e-06,3.32566830e-07,9.98699189e-08,2.09227480e-01
5.30617953e-01,5.87721224e-01,266.972326,4.922000,28.964700,9.791515,8.81051313e-04,4.13635245e-04,1.86835243e-06,3.32706610e-07,9.99118949e-08,2.09315420e-01
5.87721224e-01,6.33670921e-01,271.945370,4.222000,28.964700,9.793665,1.33827673e-03,4.13445953e-04,1.86749742e-06,3.32554354e-07,9.98661723e-08,2.09219631e-01
6.33670921e-01,6.74115571e-01,275.780484,3.672000,28.964700,9.795355,2.79415259e-03,4.12843221e-04,1.86477493e-06,3.32069547e-07,9.97205847e-08,2.08914625e-01
6.74115571e-01,7.07951031e-01,278.754125,3.222000,28.964700,9.796739,4.72338576e-03,4.12044518e-04,1.86116727e-06,3.31427113e-07,9.95276614e-08,2.08510451e-01
7.07951031e-01,7.34220534e-01,281.043851,2.872000,28.964700,9.797814,6.37507476e-03,4.11360719e-04,1.85807861e-06,3.30877100e-07,9.93624925e-08,2.08164422e-01
