# (+51.5596, +9.9438), 2020 trace-gas abundances, generated by scripts/era5_site_profile.py.
# ERA5 at 2014-04-17T12:00Z, cell (+51.500, 10.000), ARCO-ERA5 37-level.
# anchored at 996.7 hPa / 0.200 km from ERA5's own geopotential; 9.18 mm vertical water.
# weighted layers. pressure_bar is each layer's air-weighted mean pressure.
# VMR columns are moist-air volume mixing ratios, dimensionless.
pressure_top_bar,pressure_bottom_bar,pressure_bar,temperature_k,altitude_km,mean_molecular_weight_g_mol,gravity_m_s2,H2O,CO2,CH4,N2O,CO,O2
1.15164161e-02,5.39973067e-02,3.27466345e-02,218.810634,25.200000,28.964700,9.729529,4.70216226e-06,4.13998053e-04,1.86999121e-06,3.32998434e-07,9.99995298e-08,2.09499015e-01
5.39973067e-02,1.37555220e-01,9.57635599e-02,217.976924,17.200000,28.964700,9.753913,4.28442949e-06,4.13998226e-04,1.86999199e-06,3.32998573e-07,9.99995716e-08,2.09499102e-01
1.37555220e-01,2.57861550e-01,1.97696012e-01,216.378178,12.200000,28.964700,9.769200,2.39145879e-05,4.13990099e-04,1.86995528e-06,3.32992036e-07,9.99976085e-08,2.09494990e-01
2.57861550e-01,4.02426954e-01,3.30132976e-01,230.537472,8.700000,28.964700,9.779922,3.30907097e-04,4.13863004e-04,1.86938120e-06,3.32889808e-07,9.99669093e-08,2.09430675e-01
4.02426954e-01,5.29274726e-01,4.65844224e-01,249.190862,6.200000,28.964700,9.787591,8.25719342e-04,4.13658152e-04,1.86845590e-06,3.32725035e-07,9.99174281e-08,2.09327012e-01
5.29274726e-01,6.36035075e-01,5.82650995e-01,260.061080,4.500000,28.964700,9.792811,1.01387146e-03,4.13580257e-04,1.86810406e-06,3.32662381e-07,9.98986129e-08,2.09287594e-01
6.36035075e-01,7.22583919e-01,6.79307243e-01,267.564156,3.300000,28.964700,9.796499,2.51464458e-03,4.12958937e-04,1.86529761e-06,3.32162623e-07,9.97485355e-08,2.08973182e-01
7.22583919e-01,7.98706302e-01,7.60643513e-01,272.698949,2.400000,28.964700,9.799266,3.18299302e-03,4.12682241e-04,1.86404780e-06,3.31940063e-07,9.96817007e-08,2.08833163e-01
7.98706302e-01,8.60548610e-01,8.29626487e-01,274.695902,1.700000,28.964700,9.801419,1.69032433e-03,4.13300206e-04,1.86683909e-06,3.32437122e-07,9.98309676e-08,2.09145877e-01
8.60548610e-01,9.15544879e-01,8.88046041e-01,275.656066,1.150000,28.964700,9.803111,4.36562935e-03,4.12192629e-04,1.86183627e-06,3.31546245e-07,9.95634371e-08,2.08585401e-01
9.15544879e-01,9.61333381e-01,9.38438635e-01,279.968329,0.700000,28.964700,9.804495,4.56932740e-03,4.12108298e-04,1.86145536e-06,3.31478414e-07,9.95430673e-08,2.08542726e-01
9.61333381e-01,9.96742577e-01,9.79037703e-01,283.319035,0.350000,28.964700,9.805573,4.76985571e-03,4.12025280e-04,1.86108037e-06,3.31411638e-07,9.95230144e-08,2.08500715e-01
