# Kitt Peak, 1990 trace-gas abundances, generated by scripts/make_site_profile.py. AFGL midlatitude_winter.
# surface 789.1 hPa / 276.4 K at 2.096 km, lapse 6.5 K/km.
# water: exponential scale height 2.0 km on a 5.0e-06 stratospheric floor, 3.11 mm vertical.
# VMR columns are moist-air volume mixing ratios, dimensionless.
pressure_top_bar,pressure_bottom_bar,temperature_k,altitude_km,mean_molecular_weight_g_mol,gravity_m_s2,H2O,CO2,O3,N2O,CO,CH4,O2,NO,SO2,NO2,NH3,HNO3,OH,HF,HCL,HBR,HI,CLO,OCS,H2CO,HOCL,N2,HCN,CH3CL,H2O2,C2H2,C2H6,PH3,COF2,SF6,H2S,HCOOH,HO2,O,CLONO2,NO+,HOBR,C2H4,CH3OH,CH3BR,CH3CN,CF4,C4H2,HC3N,H2,CS,SO3
8.45383140e-03,4.03732026e-02,216.650000,27.096000,28.964700,9.723763,5.31459272e-06,3.54398117e-04,5.51596973e-06,8.52476292e-08,1.58139066e-08,7.31343232e-07,2.08998889e-01,1.15699139e-09,1.57213564e-11,4.61832163e-09,9.79113032e-15,4.93965625e-09,4.37228752e-12,2.21461300e-10,7.33852711e-10,1.75181275e-12,2.99998406e-12,7.50117539e-11,7.23735849e-11,6.96469612e-11,1.74169456e-10,7.80995849e-01,1.06252774e-10,1.20258646e-10,9.48879181e-11,4.60408285e-15,6.48373373e-12,9.99994685e-21,9.99994685e-21,9.99994685e-21,9.99994685e-21,9.99994685e-21,9.99994685e-21,9.99994685e-21,9.99994685e-21,9.99994685e-21,9.99994685e-21,9.99994685e-21,9.99994685e-21,9.99994685e-21,9.99994685e-21,9.99994685e-21,9.99994685e-21,9.99994685e-21,9.99994685e-21,9.99994685e-21,9.99994685e-21
4.03732026e-02,1.03404060e-01,216.650000,19.096000,28.964700,9.748126,9.90924995e-06,3.54396488e-04,2.35173221e-06,1.75499126e-07,1.52659302e-08,1.28590541e-06,2.08997929e-01,2.45032650e-10,3.88746257e-11,1.08793167e-09,3.78421629e-14,3.25675585e-09,1.68392248e-13,4.16187399e-11,4.46304307e-10,1.69998315e-12,2.99997027e-12,2.20743078e-12,2.70642403e-10,3.39378604e-11,2.32742133e-11,7.80992261e-01,1.40609592e-10,3.92422592e-10,2.76280950e-12,5.03398370e-13,7.74806150e-11,9.99990091e-21,9.99990091e-21,9.99990091e-21,9.99990091e-21,9.99990091e-21,9.99990091e-21,9.99990091e-21,9.99990091e-21,9.99990091e-21,9.99990091e-21,9.99990091e-21,9.99990091e-21,9.99990091e-21,9.99990091e-21,9.99990091e-21,9.99990091e-21,9.99990091e-21,9.99990091e-21,9.99990091e-21,9.99990091e-21
1.03404060e-01,1.93758355e-01,216.650000,14.096000,28.964700,9.763399,3.22969777e-05,3.54388554e-04,8.09070940e-07,2.69216644e-07,4.90897923e-08,1.46006964e-06,2.08993250e-01,2.93816766e-10,5.65028555e-11,8.09768063e-11,1.01715577e-12,3.42901078e-10,5.74712883e-14,4.81375916e-12,1.05745649e-10,1.69994510e-12,2.99990311e-12,1.05592603e-13,4.56606800e-10,3.61988308e-11,5.70998628e-12,7.80974776e-01,1.56801821e-10,5.25530064e-10,6.31088578e-12,6.98871420e-12,4.77645522e-10,9.99967703e-21,9.99967703e-21,9.99967703e-21,9.99967703e-21,9.99967703e-21,9.99967703e-21,9.99967703e-21,9.99967703e-21,9.99967703e-21,9.99967703e-21,9.99967703e-21,9.99967703e-21,9.99967703e-21,9.99967703e-21,9.99967703e-21,9.99967703e-21,9.99967703e-21,9.99967703e-21,9.99967703e-21,9.99967703e-21
1.93758355e-01,3.07121630e-01,221.150000,10.596000,28.964700,9.774111,9.76357955e-05,3.54365398e-04,3.05233423e-07,2.92253563e-07,9.35364101e-08,1.56951026e-06,2.08979594e-01,2.99970709e-10,5.90487985e-11,2.52000995e-11,1.40117438e-11,1.90164264e-10,4.75069006e-14,9.40688917e-13,5.00212665e-11,1.69983402e-12,2.99970709e-12,1.56826873e-14,5.12566970e-10,3.50909534e-11,4.52173812e-12,7.80923746e-01,1.59984378e-10,5.82562411e-10,4.23755190e-11,2.15455601e-11,1.40645324e-09,9.99902364e-21,9.99902364e-21,9.99902364e-21,9.99902364e-21,9.99902364e-21,9.99902364e-21,9.99902364e-21,9.99902364e-21,9.99902364e-21,9.99902364e-21,9.99902364e-21,9.99902364e-21,9.99902364e-21,9.99902364e-21,9.99902364e-21,9.99902364e-21,9.99902364e-21,9.99902364e-21,9.99902364e-21,9.99902364e-21
3.07121630e-01,4.09277750e-01,237.400000,8.096000,28.964700,9.781774,2.44369112e-04,3.54313396e-04,1.08054022e-07,3.07645262e-07,1.17565775e-07,1.64065391e-06,2.08948927e-01,2.99926689e-10,7.14315554e-11,2.30134998e-11,6.15016028e-11,1.40252178e-10,4.45935384e-14,2.53191940e-13,9.68757001e-11,1.69958457e-12,2.99926689e-12,1.01352521e-14,5.31194131e-10,4.92693869e-11,4.67021019e-12,7.80809148e-01,1.59960901e-10,5.97468795e-10,1.19451116e-10,2.53458267e-11,1.78272243e-09,9.99755631e-21,9.99755631e-21,9.99755631e-21,9.99755631e-21,9.99755631e-21,9.99755631e-21,9.99755631e-21,9.99755631e-21,9.99755631e-21,9.99755631e-21,9.99755631e-21,9.99755631e-21,9.99755631e-21,9.99755631e-21,9.99755631e-21,9.99755631e-21,9.99755631e-21,9.99755631e-21,9.99755631e-21,9.99755631e-21
4.09277750e-01,4.95979917e-01,248.450000,6.396000,28.964700,9.786989,4.66706859e-04,3.54234599e-04,6.57415786e-08,3.08356021e-07,1.27101174e-07,1.67576552e-06,2.08902458e-01,2.99859988e-10,9.12079310e-11,2.29892657e-11,1.25023064e-10,1.16659223e-10,4.40190193e-14,1.12329041e-13,1.58587069e-10,1.69920660e-12,2.99859988e-12,9.99533293e-15,5.44563653e-10,6.84727776e-11,6.00084126e-12,7.80635502e-01,1.59925327e-10,5.99719976e-10,1.58973345e-10,3.02803867e-11,1.87916296e-09,9.99533293e-21,9.99533293e-21,9.99533293e-21,9.99533293e-21,9.99533293e-21,9.99533293e-21,9.99533293e-21,9.99533293e-21,9.99533293e-21,9.99533293e-21,9.99533293e-21,9.99533293e-21,9.99533293e-21,9.99533293e-21,9.99533293e-21,9.99533293e-21,9.99533293e-21,9.99533293e-21,9.99533293e-21,9.99533293e-21
4.95979917e-01,5.66594663e-01,256.250000,5.196000,28.964700,9.790674,7.42797490e-04,3.54136753e-04,4.91699576e-08,3.08270847e-07,1.29908063e-07,1.69665687e-06,2.08844755e-01,2.99777161e-10,1.13492037e-10,2.29829157e-11,1.90911945e-10,9.99356179e-11,4.39673169e-14,6.19160443e-14,2.25667176e-10,1.69873724e-12,2.99777161e-12,9.99257203e-15,5.53209762e-10,9.42986733e-11,7.66433882e-12,7.80419875e-01,1.59881152e-10,6.01160603e-10,1.74658199e-10,3.81594819e-11,1.93865630e-09,9.99257203e-21,9.99257203e-21,9.99257203e-21,9.99257203e-21,9.99257203e-21,9.99257203e-21,9.99257203e-21,9.99257203e-21,9.99257203e-21,9.99257203e-21,9.99257203e-21,9.99257203e-21,9.99257203e-21,9.99257203e-21,9.99257203e-21,9.99257203e-21,9.99257203e-21,9.99257203e-21,9.99257203e-21,9.99257203e-21
5.66594663e-01,6.28780134e-01,262.100000,4.296000,28.964700,9.793438,1.05629783e-03,3.54025648e-04,3.87123231e-08,3.08174132e-07,1.30794650e-07,1.70618057e-06,2.08779234e-01,2.99683111e-10,1.36937532e-10,2.29757051e-11,2.59778888e-10,9.11222863e-11,4.39535229e-14,3.76183888e-14,2.92560327e-10,1.69820429e-12,2.99683111e-12,9.98943702e-15,5.59327410e-10,1.26594591e-10,9.22230318e-12,7.80175031e-01,1.59830992e-10,6.04876084e-10,1.81707498e-10,4.71796368e-11,1.96899019e-09,9.98943702e-21,9.98943702e-21,9.98943702e-21,9.98943702e-21,9.98943702e-21,9.98943702e-21,9.98943702e-21,9.98943702e-21,9.98943702e-21,9.98943702e-21,9.98943702e-21,9.98943702e-21,9.98943702e-21,9.98943702e-21,9.98943702e-21,9.98943702e-21,9.98943702e-21,9.98943702e-21,9.98943702e-21,9.98943702e-21
6.28780134e-01,6.78963768e-01,266.650000,3.596000,28.964700,9.795589,1.39165015e-03,3.53906799e-04,3.40916827e-08,3.08070676e-07,1.32497775e-07,1.70981385e-06,2.08709145e-01,2.99582505e-10,1.62168295e-10,2.29679920e-11,3.21681206e-10,8.45709034e-11,4.39387674e-14,2.61701440e-14,3.56681571e-10,1.69763419e-12,2.99582505e-12,9.98608350e-15,5.64431806e-10,1.69950305e-10,1.04029256e-11,7.79913121e-01,1.60180025e-10,6.12162847e-10,1.85745022e-10,5.68013340e-11,1.98528913e-09,9.98608350e-21,9.98608350e-21,9.98608350e-21,9.98608350e-21,9.98608350e-21,9.98608350e-21,9.98608350e-21,9.98608350e-21,9.98608350e-21,9.98608350e-21,9.98608350e-21,9.98608350e-21,9.98608350e-21,9.98608350e-21,9.98608350e-21,9.98608350e-21,9.98608350e-21,9.98608350e-21,9.98608350e-21,9.98608350e-21
6.78963768e-01,7.23224861e-01,270.225000,3.046000,28.964700,9.797280,1.73009908e-03,3.53786853e-04,3.21045805e-08,3.07966264e-07,1.34494441e-07,1.71089560e-06,2.08638409e-01,2.99480970e-10,1.87386864e-10,2.29602077e-11,3.74536012e-10,7.93803169e-11,4.39238756e-14,2.01039041e-14,4.15882290e-10,1.69705883e-12,2.99480970e-12,9.98269901e-15,5.68643998e-10,2.21624891e-10,1.13013833e-11,7.79648793e-01,1.60675397e-10,6.20227022e-10,1.88440461e-10,6.64079210e-11,1.99561698e-09,9.98269901e-21,9.98269901e-21,9.98269901e-21,9.98269901e-21,9.98269901e-21,9.98269901e-21,9.98269901e-21,9.98269901e-21,9.98269901e-21,9.98269901e-21,9.98269901e-21,9.98269901e-21,9.98269901e-21,9.98269901e-21,9.98269901e-21,9.98269901e-21,9.98269901e-21,9.98269901e-21,9.98269901e-21,9.98269901e-21
7.23224861e-01,7.60296088e-01,273.150000,2.596000,28.964700,9.798663,2.06873110e-03,3.53666842e-04,3.04695309e-08,3.07861796e-07,1.36614913e-07,1.71045419e-06,2.08567635e-01,2.99379381e-10,2.06963722e-10,2.29524192e-11,4.10720495e-10,7.48290173e-11,4.39089758e-14,1.62526494e-14,4.72463048e-10,1.69648316e-12,2.99379381e-12,9.97931269e-15,5.72831582e-10,2.85936840e-10,1.16924439e-11,7.79384321e-01,1.61470297e-10,6.29096014e-10,1.89812829e-10,7.74944057e-11,1.99586254e-09,9.97931269e-21,9.97931269e-21,9.97931269e-21,9.97931269e-21,9.97931269e-21,9.97931269e-21,9.97931269e-21,9.97931269e-21,9.97931269e-21,9.97931269e-21,9.97931269e-21,9.97931269e-21,9.97931269e-21,9.97931269e-21,9.97931269e-21,9.97931269e-21,9.97931269e-21,9.97931269e-21,9.97931269e-21,9.97931269e-21
7.60296088e-01,7.89100000e-01,275.425000,2.246000,28.964700,9.799739,2.37822457e-03,3.53557157e-04,2.92462994e-08,3.07766318e-07,1.38323324e-07,1.70992372e-06,2.08502951e-01,2.99286533e-10,2.23210673e-10,2.29453008e-11,4.39987919e-10,7.14217018e-11,4.38953581e-14,1.37782184e-14,5.21808057e-10,1.69595702e-12,2.99286533e-12,9.97621775e-15,5.76150365e-10,3.49751697e-10,1.19696052e-11,7.79142607e-01,1.62119233e-10,6.36252392e-10,1.90802759e-10,8.75838145e-11,1.99524355e-09,9.97621775e-21,9.97621775e-21,9.97621775e-21,9.97621775e-21,9.97621775e-21,9.97621775e-21,9.97621775e-21,9.97621775e-21,9.97621775e-21,9.97621775e-21,9.97621775e-21,9.97621775e-21,9.97621775e-21,9.97621775e-21,9.97621775e-21,9.97621775e-21,9.97621775e-21,9.97621775e-21,9.97621775e-21,9.97621775e-21
