# Kitt Peak, 1990 trace-gas abundances, generated by scripts/make_site_profile.py.
# surface 789.1 hPa / 276.4 K at 2.096 km, lapse 6.5 K/km.
# water: exponential scale height 2.0 km on a 5.0e-06 stratospheric floor, 3.11 mm vertical.
# VMR columns are moist-air volume mixing ratios, dimensionless.
pressure_top_bar,pressure_bottom_bar,temperature_k,altitude_km,mean_molecular_weight_g_mol,gravity_m_s2,H2O,CO2,CH4,N2O,CO,O2
8.45383140e-03,4.03732026e-02,216.650000,27.096000,28.964700,9.723763,5.31459272e-06,3.54398117e-04,1.71399089e-06,3.08498360e-07,9.99994685e-08,2.09498887e-01
4.03732026e-02,1.03404060e-01,216.650000,19.096000,28.964700,9.748126,9.90924995e-06,3.54396488e-04,1.71398302e-06,3.08496943e-07,9.99990091e-08,2.09497924e-01
1.03404060e-01,1.93758355e-01,216.650000,14.096000,28.964700,9.763399,3.22969777e-05,3.54388554e-04,1.71394464e-06,3.08490036e-07,9.99967703e-08,2.09493234e-01
1.93758355e-01,3.07121630e-01,221.150000,10.596000,28.964700,9.774111,9.76357955e-05,3.54365398e-04,1.71383265e-06,3.08469879e-07,9.99902364e-08,2.09479545e-01
3.07121630e-01,4.09277750e-01,237.400000,8.096000,28.964700,9.781774,2.44369112e-04,3.54313396e-04,1.71358115e-06,3.08424612e-07,9.99755631e-08,2.09448805e-01
4.09277750e-01,4.95979917e-01,248.450000,6.396000,28.964700,9.786989,4.66706859e-04,3.54234599e-04,1.71320006e-06,3.08356021e-07,9.99533293e-08,2.09402225e-01
4.95979917e-01,5.66594663e-01,256.250000,5.196000,28.964700,9.790674,7.42797490e-04,3.54136753e-04,1.71272685e-06,3.08270847e-07,9.99257203e-08,2.09344384e-01
5.66594663e-01,6.28780134e-01,262.100000,4.296000,28.964700,9.793438,1.05629783e-03,3.54025648e-04,1.71218951e-06,3.08174132e-07,9.98943702e-08,2.09278706e-01
6.28780134e-01,6.78963768e-01,266.650000,3.596000,28.964700,9.795589,1.39165015e-03,3.53906799e-04,1.71161471e-06,3.08070676e-07,9.98608350e-08,2.09208449e-01
6.78963768e-01,7.23224861e-01,270.225000,3.046000,28.964700,9.797280,1.73009908e-03,3.53786853e-04,1.71103461e-06,3.07966264e-07,9.98269901e-08,2.09137544e-01
7.23224861e-01,7.60296088e-01,273.150000,2.596000,28.964700,9.798663,2.06873110e-03,3.53666842e-04,1.71045419e-06,3.07861796e-07,9.97931269e-08,2.09066601e-01
7.60296088e-01,7.89100000e-01,275.425000,2.246000,28.964700,9.799739,2.37822457e-03,3.53557157e-04,1.70992372e-06,3.07766318e-07,9.97621775e-08,2.09001762e-01
