# Kitt Peak, 1990 trace-gas abundances, generated by scripts/era5_site_profile.py.
# ERA5 at 1989-10-13T21:00Z, cell (+32.000, 248.500), ARCO-ERA5 37-level.
# anchored at 796.9 hPa / 2.096 km from ERA5's own geopotential; 7.53 mm vertical water.
# weighted layers. pressure_bar is each layer's air-weighted mean pressure.
# VMR columns are moist-air volume mixing ratios, dimensionless.
pressure_top_bar,pressure_bottom_bar,pressure_bar,temperature_k,altitude_km,mean_molecular_weight_g_mol,gravity_m_s2,H2O,CO2,CH4,N2O,CO,O2
8.74790218e-03,4.04946108e-02,2.46136142e-02,219.703153,27.096000,28.964700,9.723763,4.54570790e-06,3.54398389e-04,1.71399221e-06,3.08498598e-07,9.99995454e-08,2.09499048e-01
4.04946108e-02,1.08966187e-01,7.47200885e-02,204.560146,19.096000,28.964700,9.748126,5.02880314e-06,3.54398218e-04,1.71399138e-06,3.08498449e-07,9.99994971e-08,2.09498946e-01
1.08966187e-01,2.09919426e-01,1.59432416e-01,208.445641,14.096000,28.964700,9.763399,2.56223148e-05,3.54390919e-04,1.71395608e-06,3.08492096e-07,9.99974378e-08,2.09494632e-01
2.09919426e-01,3.26476416e-01,2.68188826e-01,232.173090,10.596000,28.964700,9.774111,2.94794932e-04,3.54295525e-04,1.71349472e-06,3.08409056e-07,9.99705205e-08,2.09438240e-01
3.26476416e-01,4.28595099e-01,3.77530433e-01,250.765817,8.096000,28.964700,9.781774,3.97155363e-04,3.54259248e-04,1.71331928e-06,3.08377478e-07,9.99602845e-08,2.09416796e-01
4.28595099e-01,5.13603514e-01,4.71096197e-01,263.975454,6.396000,28.964700,9.786989,5.19696793e-04,3.54215819e-04,1.71310924e-06,3.08339674e-07,9.99480303e-08,2.09391124e-01
5.13603514e-01,5.81978788e-01,5.47789370e-01,272.964350,5.196000,28.964700,9.790674,3.45975737e-04,3.54277386e-04,1.71340700e-06,3.08393266e-07,9.99654024e-08,2.09427518e-01
5.81978788e-01,6.42074512e-01,6.12025390e-01,277.765498,4.296000,28.964700,9.793438,4.88634631e-04,3.54226828e-04,1.71316248e-06,3.08349256e-07,9.99511365e-08,2.09397631e-01
6.42074512e-01,6.90704941e-01,6.66388965e-01,280.457726,3.596000,28.964700,9.795589,2.18838281e-03,3.53624437e-04,1.71024911e-06,3.07824884e-07,9.97811617e-08,2.09041534e-01
6.90704941e-01,7.33569777e-01,7.12136811e-01,283.447678,3.046000,28.964700,9.797280,7.38260313e-03,3.51783605e-04,1.70134622e-06,3.06222467e-07,9.92617397e-08,2.07953345e-01
7.33569777e-01,7.69271005e-01,7.51420006e-01,287.343788,2.596000,28.964700,9.798663,9.19685609e-03,3.51140634e-04,1.69823659e-06,3.05662770e-07,9.90803144e-08,2.07573259e-01
7.69271005e-01,7.96858716e-01,7.83064645e-01,290.683545,2.246000,28.964700,9.799739,9.43310203e-03,3.51056909e-04,1.69783166e-06,3.05589888e-07,9.90566898e-08,2.07523765e-01
