# McDonald Observatory, 2020 trace-gas abundances, generated by scripts/make_site_profile.py.
# surface 792.4 hPa / 290.1 K at 2.077 km, lapse 6.5 K/km.
# water: exponential scale height 2.0 km on a 5.0e-06 stratospheric floor, 10.00 mm vertical.
# VMR columns are moist-air volume mixing ratios, dimensionless.
pressure_top_bar,pressure_bottom_bar,temperature_k,altitude_km,mean_molecular_weight_g_mol,gravity_m_s2,H2O,CO2,CH4,N2O,CO,O2
9.17676731e-03,4.38261551e-02,216.650000,27.077000,28.964700,9.723821,5.93696843e-06,4.13997542e-04,1.86998890e-06,3.32998023e-07,9.99994063e-08,2.09498756e-01
4.38261551e-02,1.12248408e-01,216.650000,19.077000,28.964700,9.748184,1.96213745e-05,4.13991877e-04,1.86996331e-06,3.32993466e-07,9.99980379e-08,2.09495889e-01
1.12248408e-01,2.09516862e-01,216.650000,14.077000,28.964700,9.763457,8.62990732e-05,4.13964272e-04,1.86983862e-06,3.32971262e-07,9.99913701e-08,2.09481920e-01
2.09516862e-01,3.23761663e-01,234.850000,10.577000,28.964700,9.774169,3.02831255e-04,4.13874628e-04,1.86943371e-06,3.32899157e-07,9.99697169e-08,2.09436557e-01
3.23761663e-01,4.24743459e-01,251.100000,8.077000,28.964700,9.781832,7.87756828e-04,4.13673869e-04,1.86852689e-06,3.32737677e-07,9.99212243e-08,2.09334965e-01
4.24743459e-01,5.09578778e-01,262.150000,6.377000,28.964700,9.787048,1.53046546e-03,4.13366387e-04,1.86713803e-06,3.32490355e-07,9.98469535e-08,2.09179367e-01
5.09578778e-01,5.78210502e-01,269.950000,5.177000,28.964700,9.790732,2.45919304e-03,4.12981894e-04,1.86540131e-06,3.32181089e-07,9.97540807e-08,2.08984799e-01
5.78210502e-01,6.38360300e-01,275.800000,4.277000,28.964700,9.793496,3.51888842e-03,4.12543180e-04,1.86341968e-06,3.31828210e-07,9.96481112e-08,2.08762793e-01
6.38360300e-01,6.86727075e-01,280.350000,3.577000,28.964700,9.795647,4.65650803e-03,4.12072206e-04,1.86129233e-06,3.31449383e-07,9.95343492e-08,2.08524462e-01
6.86727075e-01,7.29268816e-01,283.925000,3.027000,28.964700,9.797338,5.80775876e-03,4.11595588e-04,1.85913949e-06,3.31066016e-07,9.94192241e-08,2.08283275e-01
7.29268816e-01,7.64821903e-01,286.850000,2.577000,28.964700,9.798721,6.96209063e-03,4.11117694e-04,1.85698089e-06,3.30681624e-07,9.93037909e-08,2.08041442e-01
7.64821903e-01,7.92400000e-01,289.125000,2.227000,28.964700,9.799798,8.01886245e-03,4.10680191e-04,1.85500473e-06,3.30329719e-07,9.91981138e-08,2.07820048e-01
