# McDonald Observatory, 2020 trace-gas abundances, generated by scripts/era5_site_profile.py.
# ERA5 at 2015-12-02T07:00Z, cell (+30.750, 256.000), ARCO-ERA5 37-level.
# anchored at 794.4 hPa / 2.077 km from the headers; 1.62 mm vertical water.
# VMR columns are moist-air volume mixing ratios, dimensionless.
pressure_top_bar,pressure_bottom_bar,temperature_k,altitude_km,mean_molecular_weight_g_mol,gravity_m_s2,H2O,CO2,CH4,N2O,CO,O2
8.44516065e-03,3.97277119e-02,217.566137,27.077000,28.964700,9.723821,4.82892212e-06,4.13998001e-04,1.86999097e-06,3.32998392e-07,9.99995171e-08,2.09498988e-01
3.97277119e-02,1.06194416e-01,206.464749,19.077000,28.964700,9.748184,4.63854087e-06,4.13998080e-04,1.86999133e-06,3.32998455e-07,9.99995361e-08,2.09499028e-01
1.06194416e-01,1.99955004e-01,215.363572,14.077000,28.964700,9.763457,6.41135069e-06,4.13997346e-04,1.86998801e-06,3.32997865e-07,9.99993589e-08,2.09498657e-01
1.99955004e-01,3.12832687e-01,228.043392,10.577000,28.964700,9.774169,1.85633792e-05,4.13992315e-04,1.86996529e-06,3.32993818e-07,9.99981437e-08,2.09496111e-01
3.12832687e-01,4.15125468e-01,240.661876,8.077000,28.964700,9.781832,6.78870470e-05,4.13971895e-04,1.86987305e-06,3.32977394e-07,9.99932113e-08,2.09485778e-01
4.15125468e-01,5.01808698e-01,251.879970,6.377000,28.964700,9.787048,6.69773341e-05,4.13972271e-04,1.86987475e-06,3.32977697e-07,9.99933023e-08,2.09485968e-01
5.01808698e-01,5.72488002e-01,258.798168,5.177000,28.964700,9.790732,2.34714523e-04,4.13902828e-04,1.86956108e-06,3.32921840e-07,9.99765285e-08,2.09450827e-01
5.72488002e-01,6.34757768e-01,264.257168,4.277000,28.964700,9.793496,6.36111009e-04,4.13736650e-04,1.86881047e-06,3.32788175e-07,9.99363889e-08,2.09366735e-01
6.34757768e-01,6.84861566e-01,269.485798,3.577000,28.964700,9.795647,9.97847845e-04,4.13586891e-04,1.86813402e-06,3.32667717e-07,9.99002152e-08,2.09290951e-01
6.84861566e-01,7.28908665e-01,273.824430,3.027000,28.964700,9.797338,1.03057241e-03,4.13573343e-04,1.86807283e-06,3.32656819e-07,9.98969428e-08,2.09284095e-01
7.28908665e-01,7.65756252e-01,276.904432,2.577000,28.964700,9.798721,1.24117179e-03,4.13486155e-04,1.86767901e-06,3.32586690e-07,9.98758828e-08,2.09239975e-01
7.65756252e-01,7.94400000e-01,278.928477,2.227000,28.964700,9.799798,1.48660448e-03,4.13384546e-04,1.86722005e-06,3.32504961e-07,9.98513396e-08,2.09188556e-01
